{"secondaryButton":{"hue":0.6666666666666666,"value":0.26666666666666666,"saturation":0.014705882352941124,"alpha":1},"secondaryText":{"value":0.5607843137254902,"hue":0,"saturation":0,"alpha":1},"secondaryBackground":{"value":0.14901960784313725,"alpha":1,"saturation":0.05263157894736842,"hue":0.6666666666666666},"secondary":{"alpha":1,"saturation":0,"hue":0,"value":0.16862745098039217},"primaryButton":{"saturation":0,"hue":0,"value":0.2,"alpha":1},"highlightText":{"hue":0.23765432098765435,"saturation":0.6352941176470588,"value":1,"alpha":1},"background":{"hue":0.6666666666666666,"alpha":1,"saturation":0.06896551724137931,"value":0.11372549019607843},"selectedText":{"saturation":0.6352941176470588,"hue":0.23765432098765435,"value":1,"alpha":1},"primary":{"hue":0,"saturation":0,"value":0,"alpha":1},"canvasBackground":{"saturation":0,"alpha":1,"hue":0,"value":0.5},"emphasizedBackground":{"hue":0,"alpha":1,"saturation":0,"value":0.3},"selectedBackground":{"value":0.375,"alpha":1,"saturation":0,"hue":0},"primaryText":{"hue":0,"alpha":1,"value":1,"saturation":0},"highlightBackground":{"saturation":0,"value":0.375,"alpha":1,"hue":0}}